Rk,Player,Tm,2025-26,2026-27,2027-28,2028-29,2029-30,2030-31,Guaranteed
1,Stephen Curry,GSW,"$59,606,817 ","$62,587,158 ",,,,,"$122,193,975 "
2,Joel Embiid,PHI,"$55,224,526 ","$57,985,752 ","$62,624,612 ","$67,263,472 ",,,"$175,834,890 "
3,Nikola Jokiƒá,DEN,"$55,224,526 ","$59,033,114 ","$62,841,702 ",,,,"$114,257,640 "
4,Kevin Durant,HOU,"$54,708,609 ",,,,,,"$54,708,609 "
5,Jayson Tatum,BOS,"$54,126,450 ","$58,456,566 ","$62,786,682 ","$67,116,798 ","$71,446,914 ",,"$242,486,496 "
6,Giannis Antetokounmpo,MIL,"$54,126,450 ","$58,456,566 ","$62,786,682 ",,,,"$112,583,016 "
7,Anthony Davis,DAL,"$54,126,450 ","$58,456,566 ","$62,786,682 ",,,,"$112,583,016 "
8,Jimmy Butler,GSW,"$54,126,450 ","$56,832,773 ",,,,,"$110,959,223 "
9,Damian Lillard,MIL,"$54,126,450 ",,,,,,"$54,126,450 "
10,Bradley Beal,PHO,"$53,666,270 ",,,,,,"$53,666,270 "
11,Jaylen Brown,BOS,"$53,142,264 ","$57,078,728 ","$61,015,192 ","$64,951,656 ",,,"$236,187,840 "
12,Devin Booker,PHO,"$53,142,264 ","$57,078,728 ","$61,015,192 ",,,,"$171,236,184 "
13,Karl-Anthony Towns,NYK,"$53,142,264 ","$57,078,728 ","$61,015,192 ",,,,"$110,220,992 "
14,LeBron James,LAL,"$52,627,153 ",,,,,,"$52,627,153 "
15,Paul George,PHI,"$51,666,090 ","$54,126,380 ","$56,586,670 ",,,,"$105,792,470 "
16,Kawhi Leonard,LAC,"$50,000,000 ","$50,300,000 ",,,,,"$100,300,000 "
17,Zach LaVine,SAC,"$47,499,660 ","$48,967,380 ",,,,,"$47,499,660 "
18,Evan Mobley,CLE,"$46,394,100 ","$50,105,628 ","$53,817,156 ","$57,528,684 ","$51,033,510 ",,"$258,879,078 "
19,Jamal Murray,DEN,"$46,394,100 ","$50,105,628 ","$53,817,156 ","$57,528,684 ",,,"$207,845,568 "
20,Lauri Markkanen,UTA,"$46,394,100 ","$46,113,154 ","$49,824,681 ","$53,536,209 ",,,"$195,868,144 "
21,Donovan Mitchell,CLE,"$46,394,100 ","$50,105,628 ","$53,817,156 ",,,,"$96,499,728 "
22,Luka Donƒçiƒá,LAL,"$45,999,660 ","$48,967,380 ",,,,,"$45,999,660 "
23,Trae Young,ATL,"$45,999,660 ","$48,967,380 ",,,,,"$45,999,660 "
24,Anthony Edwards,MIN,"$45,550,512 ","$48,924,624 ","$52,298,736 ","$55,672,848 ",,,"$202,446,720 "
25,Tyrese Haliburton,IND,"$45,550,512 ","$48,924,624 ","$52,298,736 ","$55,672,848 ",,,"$202,446,720 "
26,Pascal Siakam,IND,"$45,550,512 ","$48,924,624 ","$52,298,736 ",,,,"$146,773,872 "
27,Domantas Sabonis,SAC,"$43,636,000 ","$46,772,000 ","$49,908,000 ",,,,"$140,316,000 "
28,OG Anunoby,NYK,"$39,568,966 ","$42,500,000 ","$45,431,034 ","$48,362,068 ",,,"$127,500,000 "
29,Zion Williamson,NOP,"$39,446,090 ","$42,166,510 ","$44,886,930 ",,,,"$126,499,530 "
30,Ja Morant,MEM,"$39,446,090 ","$42,166,510 ","$44,886,930 ",,,,"$126,499,530 "
31,Darius Garland,CLE,"$39,446,090 ","$42,166,510 ","$44,886,930 ",,,,"$126,499,530 "
32,Scottie Barnes,TOR,"$38,661,750 ","$41,754,690 ","$44,847,630 ","$47,940,570 ","$51,033,510 ",,"$224,238,150 "
33,Franz Wagner,ORL,"$38,661,750 ","$41,754,690 ","$44,847,630 ","$47,940,570 ","$51,033,510 ",,"$224,238,150 "
34,Cade Cunningham,DET,"$38,661,750 ","$41,754,690 ","$44,847,630 ","$47,940,570 ","$51,033,510 ",,"$224,238,150 "
35,Shai Gilgeous-Alexander,OKC,"$38,333,050 ","$40,806,150 ",,,,,"$79,139,200 "
36,Michael Porter Jr.,BRK,"$38,333,050 ","$40,806,150 ",,,,,"$50,333,050 "
37,Brandon Ingram,TOR,"$38,095,238 ","$40,000,000 ","$41,904,762 ",,,,"$78,095,238 "
38,Tyrese Maxey,PHI,"$37,958,760 ","$40,770,520 ","$43,582,280 ","$46,394,040 ",,,"$168,705,600 "
39,LaMelo Ball,CHO,"$37,958,760 ","$40,770,520 ","$43,582,280 ","$46,394,040 ",,,"$168,705,600 "
40,Bam Adebayo,MIA,"$37,096,620 ","$48,713,700 ","$52,610,796 ","$56,507,892 ",,,"$138,421,116 "
41,De'Aaron Fox,SAS,"$37,096,620 ",,,,,,"$37,096,620 "
42,Desmond Bane,ORL,"$36,725,670 ","$39,446,090 ","$42,166,510 ","$44,886,930 ",,,"$163,225,200 "
43,Deandre Ayton,POR,"$35,550,814 ",,,,,,"$35,550,814 "
44,Jalen Suggs,ORL,"$35,000,000 ","$32,400,000 ","$29,600,000 ","$26,800,000 ","$26,700,000 ",,"$123,800,000 "
45,Rudy Gobert,MIN,"$35,000,000 ","$36,500,000 ","$38,000,000 ",,,,"$71,500,000 "
46,Jaren Jackson Jr.,MEM,"$35,000,000 ",,,,,,"$35,000,000 "
47,Jalen Brunson,NYK,"$34,944,001 ","$37,739,521 ","$40,535,041 ","$43,330,561 ",,,"$113,218,563 "
48,Alperen ≈ûeng√ºn,HOU,"$33,944,954 ","$35,642,202 ","$37,339,450 ","$39,036,697 ","$39,036,697 ",,"$145,963,303 "
49,Jalen Green,PHO,"$33,333,333 ","$36,000,000 ","$36,000,000 ",,,,"$69,333,333 "
50,Khris Middleton,WAS,"$33,296,296 ",,,,,,"$33,296,296 "
51,Immanuel Quickley,TOR,"$32,500,000 ","$32,500,000 ","$32,500,000 ","$32,500,000 ",,,"$130,000,000 "
52,Jrue Holiday,POR,"$32,400,000 ","$34,800,000 ","$37,200,000 ",,,,"$67,200,000 "
53,Jerami Grant,POR,"$32,000,001 ","$34,206,898 ","$36,413,790 ",,,,"$66,206,899 "
54,Jordan Poole,NOP,"$31,848,215 ","$34,044,642 ",,,,,"$65,892,857 "
55,Dejounte Murray,NOP,"$31,557,103 ","$33,597,072 ","$31,619,506 ",,,,"$65,154,175 "
56,Tyler Herro,MIA,"$31,000,000 ","$33,000,000 ",,,,,"$64,000,000 "
57,Kristaps Porzi≈Üƒ£is,ATL,"$30,731,707 ",,,,,,"$30,731,707 "
58,CJ McCollum,WAS,"$30,666,666 ",,,,,,"$30,666,666 "
59,Jalen Johnson,ATL,"$30,000,000 ","$30,000,000 ","$30,000,000 ","$30,000,000 ","$30,000,000 ",,"$150,000,000 "
60,Isaiah Hartenstein,OKC,"$28,500,000 ","$28,500,000 ",,,,,"$28,500,000 "
61,Andrew Wiggins,MIA,"$28,223,215 ","$30,169,644 ",,,,,"$28,223,215 "
62,Derrick White,BOS,"$28,100,000 ","$30,348,000 ","$32,596,000 ","$34,844,000 ",,,"$91,044,000 "
63,RJ Barrett,TOR,"$27,705,357 ","$29,616,071 ",,,,,"$57,321,428 "
64,Anfernee Simons,BOS,"$27,678,571 ",,,,,,"$27,678,571 "
65,Devin Vassell,SAS,"$27,000,000 ","$27,000,000 ","$24,652,174 ","$27,000,000 ",,,"$105,652,174 "
66,Terry Rozier,MIA,"$26,643,031 ",,,,,,"$26,643,031 "
67,Tobias Harris,DET,"$26,634,146 ",,,,,,"$26,634,146 "
68,John Collins,LAC,"$26,580,000 ",,,,,,"$26,580,000 "
69,Draymond Green,GSW,"$25,892,857 ","$27,678,571 ",,,,,"$53,571,428 "
70,Nic Claxton,BRK,"$25,352,272 ","$23,147,727 ","$20,943,184 ",,,,"$69,443,183 "
71,Trey Murphy III,NOP,"$25,000,000 ","$27,000,000 ","$29,000,000 ","$31,000,000 ",,,"$112,000,000 "
72,Miles Bridges,CHO,"$25,000,000 ","$22,826,087 ",,,,,"$47,826,087 "
73,Mikal Bridges,NYK,"$24,900,000 ",,,,,,"$24,900,000 "
74,Jaden McDaniels,MIN,"$24,858,622 ","$26,700,001 ","$28,541,380 ","$30,382,755 ",,,"$110,482,758 "
75,DeMar DeRozan,SAC,"$24,570,000 ","$25,740,000 ",,,,,"$24,570,000 "
76,De'Andre Hunter,CLE,"$23,303,571 ","$24,910,714 ",,,,,"$48,214,285 "
77,Aaron Gordon,DEN,"$22,841,455 ","$31,978,037 ","$34,536,280 ","$37,094,523 ",,,"$89,355,772 "
78,Kyle Kuzma,MIL,"$22,410,605 ","$20,345,152 ",,,,,"$42,755,757 "
79,Kentavious Caldwell-Pope,MEM,"$21,621,500 ","$21,621,500 ",,,,,"$21,621,500 "
80,Marcus Smart,WAS,"$21,586,855 ",,,,,,"$21,586,855 "
81,Nikola Vuƒçeviƒá,CHI,"$21,481,481 ",,,,,,"$21,481,481 "
82,Dillon Brooks,PHO,"$21,124,110 ","$19,992,727 ",,,,,"$41,116,837 "
83,Cameron Johnson,DEN,"$20,543,478 ","$22,500,000 ",,,,,"$43,043,478 "
84,Norman Powell,MIA,"$20,482,758 ",,,,,,"$20,482,758 "
85,Jarrett Allen,CLE,"$20,000,000 ","$28,000,000 ","$30,240,000 ","$32,480,000 ",,,"$110,720,000 "
86,Jakob Poeltl,TOR,"$19,500,000 ","$19,500,000 ",,,,,"$39,000,000 "
87,Josh Hart,NYK,"$19,472,240 ","$20,923,760 ","$22,375,280 ",,,,"$40,396,000 "
88,Jusuf Nurkiƒá,CHO,"$19,375,000 ",,,,,,"$19,375,000 "
89,Collin Sexton,UTA,"$19,175,000 ",,,,,,"$19,175,000 "
90,Harrison Barnes,SAS,"$19,000,000 ",,,,,,"$19,000,000 "
91,Malik Monk,SAC,"$18,797,619 ","$20,190,035 ","$21,582,451 ",,,,"$38,987,654 "
92,Rui Hachimura,LAL,"$18,259,259 ",,,,,,"$18,259,259 "
93,Alex Caruso,OKC,"$18,102,000 ","$19,550,160 ","$20,998,320 ","$22,446,480 ",,,"$81,096,960 "
94,Ivica Zubac,LAC,"$18,102,000 ","$19,550,160 ","$20,998,320 ",,,,"$58,650,480 "
95,Andrew Nembhard,IND,"$18,102,000 ","$19,550,160 ","$20,998,320 ",,,,"$58,650,480 "
96,Zach Collins,CHI,"$18,080,496 ",,,,,,"$18,080,496 "
97,Patrick Williams,CHI,"$18,000,000 ","$18,000,000 ","$18,000,000 ","$18,000,000 ",,,"$54,000,000 "
98,Kevin Huerter,CHI,"$17,991,071 ",,,,,,"$17,991,071 "
99,Luguentz Dort,OKC,"$17,722,222 ","$17,722,222 ",,,,,"$17,722,222 "
100,Keldon Johnson,SAS,"$17,500,000 ","$17,500,000 ",,,,,"$35,000,000 "
101,Grayson Allen,PHO,"$16,875,000 ","$18,125,000 ","$19,375,000 ",,,,"$35,000,000 "
102,Klay Thompson,DAL,"$16,666,667 ","$17,460,317 ",,,,,"$34,126,984 "
103,Bogdan Bogdanoviƒá,LAC,"$16,020,000 ","$16,020,000 ",,,,,"$16,020,000 "
104,Max Strus,CLE,"$15,936,452 ","$16,660,836 ",,,,,"$32,597,288 "
105,Terance Mann,BRK,"$15,500,000 ","$15,500,000 ","$16,000,000 ",,,,"$47,000,000 "
106,Paolo Banchero,ORL,"$15,334,769 ",,,,,,"$15,334,769 "
107,Onyeka Okongwu,ATL,"$15,000,000 ","$16,120,000 ","$16,880,000 ",,,,"$48,000,000 "
108,Jonathan Isaac,ORL,"$15,000,000 ","$14,500,000 ","$14,500,000 ","$15,000,000 ",,,"$44,000,000 "
109,Isaiah Stewart,DET,"$15,000,000 ","$15,000,000 ","$15,000,000 ",,,,"$30,000,000 "
110,Daniel Gafford,DAL,"$14,386,320 ",,,,,,"$14,386,320 "
111,Deni Avdija,POR,"$14,375,000 ","$13,125,000 ","$11,875,000 ",,,,"$39,375,000 "
112,Jordan Clarkson,UTA,"$14,285,714 ",,,,,,"$14,285,714 "
113,P.J. Washington,DAL,"$14,152,174 ",,,,,,"$14,152,174 "
114,Obi Toppin,IND,"$14,000,000 ","$15,000,000 ","$16,025,000 ",,,,"$45,025,000 "
115,Corey Kispert,WAS,"$13,975,000 ","$13,975,000 ","$13,050,000 ","$13,050,000 ",,,"$41,000,000 "
116,Herbert Jones,NOP,"$13,937,574 ","$14,898,786 ",,,,,"$28,836,360 "
117,Austin Reaves,LAL,"$13,937,574 ","$14,898,786 ",,,,,"$13,937,574 "
118,Cooper Flagg,DAL,"$13,825,920 ","$14,517,480 ","$15,208,680 ","$19,178,146 ",,,"$28,343,400 "
119,Chet Holmgren,OKC,"$13,731,368 ",,,,,,"$13,731,368 "
120,Josh Green,CHO,"$13,666,667 ","$14,679,012 ",,,,,"$28,345,679 "
121,Grant Williams,CHO,"$13,645,500 ","$14,265,750 ",,,,,"$27,911,250 "
122,Kelly Olynyk,SAS,"$13,445,122 ",,,,,,"$13,445,122 "
123,Victor Wembanyama,SAS,"$13,376,880 ","$16,868,246 ",,,,,"$13,376,880 "
124,Robert Williams,POR,"$13,285,713 ",,,,,,"$13,285,713 "
125,Zaccharie Risacher,ATL,"$13,197,720 ","$13,826,040 ","$17,434,637 ",,,,"$13,197,720 "
126,Cole Anthony,MEM,"$13,100,000 ",,,,,,"$13,100,000 "
127,Mitchell Robinson,NYK,"$12,954,546 ",,,,,,"$12,954,546 "
128,Coby White,CHI,"$12,888,889 ",,,,,,"$12,888,889 "
129,Brandon Clarke,MEM,"$12,500,000 ","$12,500,000 ",,,,,"$25,000,000 "
130,Dylan Harper,SAS,"$12,370,320 ","$12,989,040 ","$13,607,760 ","$17,172,994 ",,,"$25,359,360 "
131,Isaiah Joe,OKC,"$12,362,338 ","$11,323,006 ","$11,323,006 ",,,,"$23,685,344 "
132,Jabari Smith Jr.,HOU,"$12,350,392 ",,,,,,"$12,350,392 "
133,Donte DiVincenzo,MIN,"$11,990,000 ","$12,535,000 ",,,,,"$24,525,000 "
134,Brandon Miller,CHO,"$11,968,800 ","$15,104,626 ",,,,,"$11,968,800 "
135,Alex Sarr,WAS,"$11,808,240 ","$12,370,680 ","$15,611,798 ",,,,"$11,808,240 "
136,Moses Moody,GSW,"$11,574,075 ","$12,500,000 ","$13,425,925 ",,,,"$37,500,000 "
137,Jarred Vanderbilt,LAL,"$11,571,429 ","$12,428,571 ","$13,285,714 ",,,,"$24,000,000 "
138,Matisse Thybulle,POR,"$11,550,000 ",,,,,,"$11,550,000 "
139,Gabe Vincent,LAL,"$11,500,000 ",,,,,,"$11,500,000 "
140,Keegan Murray,SAC,"$11,144,093 ",,,,,,"$11,144,093 "
141,VJ Edgecombe,PHI,"$11,108,880 ","$11,663,880 ","$12,219,720 ","$15,445,727 ",,,"$22,772,760 "
142,Luke Kornet,SAS,"$11,000,000 ","$10,450,000 ","$9,900,000 ","$9,350,000 ",,,"$24,000,000 "
143,Isaac Okoro,CHI,"$11,000,000 ","$11,814,814 ",,,,,"$22,814,814 "
144,Aaron Nesmith,IND,"$11,000,000 ","$11,000,000 ",,,,,"$22,000,000 "
145,Maxi Kleber,LAL,"$11,000,000 ",,,,,,"$11,000,000 "
146,Wendell Carter Jr.,ORL,"$10,850,000 ","$18,102,000 ","$19,550,160 ","$20,998,320 ",,,"$48,502,160 "
147,Mike Conley,MIN,"$10,774,038 ",,,,,,"$10,774,038 "
148,Scoot Henderson,POR,"$10,748,040 ","$13,585,523 ",,,,,"$10,748,040 "
149,Reed Sheppard,HOU,"$10,603,560 ","$11,108,880 ","$14,041,625 ",,,,"$10,603,560 "
150,Jonas Valanƒçi≈´nas,DEN,"$10,395,000 ","$10,000,000 ",,,,,"$10,395,000 "
151,T.J. McConnell,IND,"$10,200,000 ","$11,000,000 ","$11,800,000 ","$11,800,000 ",,,"$33,000,000 "
152,Royce O'Neale,PHO,"$10,125,000 ","$10,875,000 ","$11,625,000 ",,,,"$32,625,000 "
153,Jaden Ivey,DET,"$10,107,163 ",,,,,,"$10,107,163 "
154,Sam Hauser,BOS,"$10,044,644 ","$10,848,215 ","$11,651,785 ","$12,455,356 ",,,"$45,000,000 "
155,Kon Knueppel,CHO,"$10,015,680 ","$10,516,560 ","$11,017,560 ","$13,937,214 ",,,"$20,532,240 "
156,Derrick Jones Jr.,LAC,"$10,000,000 ","$10,476,190 ",,,,,"$20,476,190 "
157,Lonzo Ball,CLE,"$10,000,000 ","$10,000,000 ",,,,,"$10,000,000 "
158,Duncan Robinson,MIA,"$9,888,000 ",,,,,,"$9,888,000 "
159,Amen Thompson,HOU,"$9,690,600 ","$12,258,609 ",,,,,"$9,690,600 "
160,Aaron Wiggins,OKC,"$9,672,897 ","$8,831,776 ","$7,990,655 ","$7,990,655 ",,,"$34,485,983 "
161,Caleb Martin,DAL,"$9,594,044 ","$10,001,493 ","$9,371,351 ",,,,"$19,595,537 "
162,Stephon Castle,SAS,"$9,560,520 ","$10,015,920 ","$12,670,139 ",,,,"$9,560,520 "
163,Pat Connaughton,CHO,"$9,423,869 ",,,,,,"$9,423,869 "
164,Buddy Hield,GSW,"$9,219,512 ","$9,658,536 ","$10,097,560 ",,,,"$18,878,048 "
165,Kyle Anderson,UTA,"$9,219,512 ","$9,658,536 ",,,,,"$9,219,512 "
166,Bennedict Mathurin,IND,"$9,187,573 ",,,,,,"$9,187,573 "
167,Ace Bailey,UTA,"$9,069,840 ","$9,523,080 ","$9,976,560 ","$12,640,302 ",,,"$18,592,920 "
168,Naji Marshall,DAL,"$9,000,000 ","$9,428,571 ",,,,,"$18,428,571 "
169,Jalen Smith,CHI,"$9,000,000 ","$9,428,571 ",,,,,"$18,428,571 "
170,Ausar Thompson,DET,"$8,775,000 ","$11,117,925 ",,,,,"$8,775,000 "
171,Ron Holland,DET,"$8,657,280 ","$9,069,600 ","$11,491,183 ",,,,"$8,657,280 "
172,Shaedon Sharpe,POR,"$8,399,983 ",,,,,,"$8,399,983 "
173,Kelly Oubre Jr.,PHI,"$8,382,150 ",,,,,,"$8,382,150 "
174,Goga Bitadze,ORL,"$8,333,333 ","$7,608,696 ",,,,,"$15,942,029 "
175,Simone Fontecchio,MIA,"$8,307,692 ",,,,,,"$8,307,692 "
176,Georges Niang,BOS,"$8,200,000 ",,,,,,"$8,200,000 "
177,Zeke Nnaji,DEN,"$8,177,778 ","$7,466,667 ","$7,466,667 ",,,,"$15,644,445 "
178,Vasilije Miciƒá,MIL,"$8,109,150 ",,,,,,"$8,109,150 "
179,KJ Martin,UTA,"$8,025,000 ",,,,,,
180,Jock Landale,HOU,"$8,000,000 ",,,,,,"$8,000,000 "
181,Anthony Black,ORL,"$7,970,280 ","$10,106,316 ",,,,,"$7,970,280 "
182,Tidjane Sala√ºn,CHO,"$7,863,240 ","$8,237,880 ","$10,445,633 ",,,,"$7,863,240 "
183,Max Christie,DAL,"$7,714,286 ","$8,285,714 ","$8,857,143 ",,,,"$16,000,000 "
184,Dyson Daniels,ATL,"$7,707,709 ",,,,,,"$7,707,709 "
185,Jeremiah Fears,NOP,"$7,520,040 ","$7,896,240 ","$8,271,960 ","$10,505,389 ",,,"$15,416,280 "
186,Ayo Dosunmu,CHI,"$7,518,518 ",,,,,,"$7,518,518 "
187,Bilal Coulibaly,WAS,"$7,275,600 ","$9,240,012 ",,,,,"$7,275,600 "
188,Payton Pritchard,BOS,"$7,232,143 ","$7,767,857 ","$8,303,571 ",,,,"$23,303,571 "
189,Donovan Clingan,POR,"$7,178,400 ","$7,519,920 ","$9,550,298 ",,,,"$7,178,400 "
190,Kenrich Williams,OKC,"$7,163,000 ","$7,163,000 ",,,,,"$7,163,000 "
191,Jeremy Sochan,SAS,"$7,096,231 ",,,,,,"$7,096,231 "
192,Egor Demin,BRK,"$6,889,200 ","$7,233,720 ","$7,578,240 ","$9,639,522 ",,,"$14,122,920 "
193,Jevon Carter,CHI,"$6,809,524 ",,,,,,"$6,809,524 "
194,Ousmane Dieng,OKC,"$6,670,882 ",,,,,,"$6,670,882 "
195,Jarace Walker,IND,"$6,665,520 ","$8,478,542 ",,,,,"$6,665,520 "
196,Dean Wade,CLE,"$6,623,456 ",,,,,,
197,Jalen Williams,OKC,"$6,580,997 ",,,,,,"$6,580,997 "
198,Rob Dillingham,MIN,"$6,576,120 ","$6,889,320 ","$8,763,216 ",,,,"$6,576,120 "
199,Jalen Duren,DET,"$6,483,144 ",,,,,,"$6,483,144 "
200,Ochai Agbaji,TOR,"$6,383,525 ",,,,,,"$6,383,525 "
201,Collin Murray-Boyles,TOR,"$6,332,520 ","$6,649,560 ","$6,966,000 ","$8,874,684 ",,,"$12,982,080 "
202,Mark Williams,PHO,"$6,276,531 ",,,,,,"$6,276,531 "
203,John Konchar,MEM,"$6,165,000 ","$6,165,000 ",,,,,"$12,330,000 "
204,Taylor Hendricks,UTA,"$6,127,080 ","$7,805,900 ",,,,,"$6,127,080 "
205,Saddiq Bey,NOP,"$6,118,644 ","$6,440,678 ",,,,,"$12,559,322 "
206,Zach Edey,MEM,"$6,045,000 ","$6,332,760 ","$8,067,937 ",,,,"$6,045,000 "
207,Khaman Maluach,PHO,"$6,016,080 ","$6,316,680 ","$6,617,160 ","$8,436,880 ",,,"$12,332,760 "
208,Jaden Hardy,DAL,"$6,000,000 ","$6,000,000 ","$6,000,000 ",,,,"$12,000,000 "
209,Cason Wallace,OKC,"$5,820,240 ","$7,420,806 ",,,,,"$5,820,240 "
210,Cody Williams,UTA,"$5,742,480 ","$6,015,600 ","$7,669,890 ",,,,"$5,742,480 "
211,Cedric Coward,MEM,"$5,715,120 ","$6,001,080 ","$6,286,920 ","$8,342,743 ",,,"$11,716,200 "
212,Tari Eason,HOU,"$5,675,766 ",,,,,,"$5,675,766 "
213,Haywood Highsmith,MIA,"$5,616,000 ",,,,,,"$5,616,000 "
214,Jett Howard,ORL,"$5,529,720 ","$7,337,939 ",,,,,"$5,529,720 "
215,Matas Buzelis,CHI,"$5,455,560 ","$5,715,360 ","$7,584,283 ",,,,"$5,455,560 "
216,Noa Essengue,CHI,"$5,429,520 ","$5,701,200 ","$5,972,760 ","$8,230,464 ",,,"$11,130,720 "
217,Dario ≈†ariƒá,SAC,"$5,426,400 ",,,,,,"$5,426,400 "
218,Kris Dunn,LAC,"$5,426,400 ","$5,684,800 ",,,,,"$5,426,400 "
219,Dalen Terry,CHI,"$5,399,118 ",,,,,,"$5,399,118 "
220,Dereck Lively II,DAL,"$5,253,360 ","$7,239,131 ",,,,,"$5,253,360 "
221,Nikola Topiƒá,OKC,"$5,182,920 ","$5,429,760 ","$7,482,210 ",,,,"$5,182,920 "
222,Derik Queen,NOP,"$5,157,960 ","$5,416,080 ","$5,673,840 ","$8,107,918 ",,,"$10,574,040 "
223,Andre Drummond,PHI,"$5,000,000 ",,,,,,"$5,000,000 "
224,Moritz Wagner,ORL,"$5,000,000 ",,,,,,"$5,000,000 "
225,Nick Richards,PHO,"$5,000,000 ",,,,,,
226,Gradey Dick,TOR,"$4,990,560 ","$7,131,511 ",,,,,"$4,990,560 "
227,Malaki Branham,WAS,"$4,962,033 ",,,,,,"$4,962,033 "
228,Devin Carter,SAC,"$4,923,720 ","$5,158,080 ","$7,370,897 ",,,,"$4,923,720 "
229,Christian Braun,DEN,"$4,921,797 ",,,,,,"$4,921,797 "
230,Carter Bryant,SAS,"$4,900,320 ","$5,145,360 ","$5,390,640 ","$7,983,539 ",,,"$10,045,680 "
231,Walker Kessler,UTA,"$4,878,938 ",,,,,,"$4,878,938 "
232,Jordan Hawkins,NOP,"$4,741,320 ","$7,021,895 ",,,,,"$4,741,320 "
233,Blake Wesley,WAS,"$4,726,328 ",,,,,,"$4,726,328 "
234,Bub Carrington,WAS,"$4,677,600 ","$4,900,560 ","$7,257,730 ",,,,"$4,677,600 "
235,Thomas Sorber,OKC,"$4,655,040 ","$4,887,720 ","$5,120,400 ","$7,849,573 ",,,"$9,542,760 "
236,Kobe Bufkin,ATL,"$4,503,720 ","$6,904,203 ",,,,,"$4,503,720 "
237,Jose Alvarado,NOP,"$4,500,000 ","$4,500,000 ",,,,,"$4,500,000 "
238,Nikola Joviƒá,MIA,"$4,445,417 ",,,,,,"$4,445,417 "
239,Kel'el Ware,MIA,"$4,443,360 ","$4,654,920 ","$7,135,992 ",,,,"$4,443,360 "
240,Yang Hansen,POR,"$4,422,360 ","$4,643,520 ","$4,864,920 ","$7,462,788 ",,,"$9,065,880 "
241,Peyton Watson,DEN,"$4,356,476 ",,,,,,"$4,356,476 "
242,Miles McBride,NYK,"$4,333,333 ","$3,956,523 ",,,,,"$8,289,856 "
243,Keyonte George,UTA,"$4,278,960 ","$6,563,925 ",,,,,"$4,278,960 "
244,Jared McCain,PHI,"$4,221,360 ","$4,422,600 ","$6,784,268 ",,,,"$4,221,360 "
245,Joan Beringer,MIN,"$4,201,080 ","$4,411,200 ","$4,621,200 ","$7,098,163 ",,,"$8,612,280 "
246,Kevin Love,UTA,"$4,150,000 ",,,,,,"$4,150,000 "
247,Dalton Knecht,LAL,"$4,010,160 ","$4,201,080 ","$6,452,860 ",,,,"$4,010,160 "
248,Dwight Powell,DAL,"$4,000,000 ",,,,,,"$4,000,000 "
249,Walter Clayton,UTA,"$3,991,320 ","$4,190,520 ","$4,390,320 ","$6,752,312 ",,,"$8,181,840 "
250,Jaime Jaquez Jr.,MIA,"$3,861,600 ","$5,939,141 ",,,,,"$3,861,600 "
251,Nolan Traor√©,BRK,"$3,811,560 ","$4,002,000 ","$4,193,040 ","$6,457,282 ",,,"$7,813,560 "
252,Tristan Da Silva,ORL,"$3,809,520 ","$3,991,200 ","$6,138,466 ",,,,"$3,809,520 "
253,Brandin Podziemski,GSW,"$3,687,960 ","$5,679,459 ",,,,,"$3,687,960 "
254,Svi Mykhailiuk,UTA,"$3,675,000 ","$3,850,000 ","$4,025,000 ",,,,
255,Kasparas Jakucionis,MIA,"$3,658,800 ","$3,841,680 ","$4,024,440 ","$6,205,687 ",,,"$7,500,480 "
256,Ja'Kobe Walter,TOR,"$3,638,160 ","$3,811,800 ","$5,870,172 ",,,,"$3,638,160 "
257,Cam Whitmore,WAS,"$3,539,760 ","$5,458,310 ",,,,,"$3,539,760 "
258,Will Riley,WAS,"$3,512,520 ","$3,688,320 ","$3,864,000 ","$6,155,352 ",,,"$7,200,840 "
259,Jaylon Tyson,CLE,"$3,492,480 ","$3,658,560 ","$5,641,500 ",,,,"$3,492,480 "
260,P.J. Tucker,NYK,"$3,468,960 ",,,,,,
261,Russell Westbrook,DEN,"$3,468,960 ",,,,,,
262,Noah Clowney,BRK,"$3,398,640 ","$5,414,034 ",,,,,"$3,398,640 "
263,Drake Powell,BRK,"$3,372,240 ","$3,540,600 ","$3,709,320 ","$6,101,832 ",,,"$6,912,840 "
264,Yves Missi,NOP,"$3,353,040 ","$3,512,760 ","$5,595,827 ",,,,"$3,353,040 "
265,Dariq Whitehead,BRK,"$3,262,560 ","$5,366,912 ",,,,,"$3,262,560 "
266,Asa Newell,ATL,"$3,237,480 ","$3,399,480 ","$3,560,880 ","$6,042,814 ",,,"$6,636,960 "
267,DaRon Holmes,DEN,"$3,218,760 ","$3,372,120 ","$5,547,138 ",,,,"$3,218,760 "
268,Elfrid Payton,NOP,"$3,153,598 ",,,,,,
269,Kris Murray,POR,"$3,132,000 ","$5,315,004 ",,,,,"$3,132,000 "
270,Nique Clifford,SAC,"$3,108,120 ","$3,263,400 ","$3,418,800 ","$5,979,481 ",,,"$6,371,520 "
271,Nassir Little,PHO,"$3,107,143 ","$3,107,143 ","$3,107,143 ","$3,107,143 ",,,"$12,428,572 "
272,AJ Johnson,WAS,"$3,090,480 ","$3,237,120 ","$5,493,394 ",,,,"$3,090,480 "
273,Olivier-Maxence Prosper,DAL,"$3,007,080 ","$5,259,383 ",,,,,"$3,007,080 "
274,Shake Milton,LAL,"$3,000,000 ","$3,287,406 ",,,,,"$6,287,406 "
275,Kyle Filipowski,UTA,"$3,000,000 ","$3,000,000 ","$3,000,000 ",,,,"$3,000,000 "
276,Julian Champagnie,SAS,"$3,000,000 ","$3,000,000 ",,,,,
277,Jase Richardson,ORL,"$2,983,320 ","$3,132,360 ","$3,282,000 ","$5,910,882 ",,,"$6,115,680 "
278,Kyshawn George,WAS,"$2,966,760 ","$3,108,000 ","$5,435,892 ",,,,"$2,966,760 "
279,Tony Bradley,IND,"$2,940,876 ",,,,,,"$2,940,876 "
280,Lonnie Walker IV,PHI,"$2,940,876 ",,,,,,
281,Marcus Sasser,DET,"$2,886,720 ","$5,198,983 ",,,,,"$2,886,720 "
282,Ben Saraf,BRK,"$2,884,560 ","$3,028,560 ","$3,172,920 ","$5,720,776 ",,,"$5,913,120 "
283,Pacome Dadiet,NYK,"$2,847,600 ","$2,983,680 ","$5,373,608 ",,,,"$2,847,600 "
284,Danny Wolf,BRK,"$2,801,280 ","$2,941,440 ","$3,081,840 ","$5,559,640 ",,,"$5,742,720 "
285,Ben Sheppard,IND,"$2,790,720 ","$5,031,669 ",,,,,"$2,790,720 "
286,Hugo Gonz√°lez,BOS,"$2,783,880 ","$2,923,560 ","$3,062,640 ","$5,528,065 ",,,"$5,707,440 "
287,Liam McNeeley,CHO,"$2,763,960 ","$2,902,080 ","$3,040,320 ","$5,487,778 ",,,"$5,666,040 "
288,Dillon Jones,OKC,"$2,753,280 ","$2,884,440 ","$5,200,646 ",,,,"$2,753,280 "
289,Yanic Konan Niederhauser,LAC,"$2,743,800 ","$2,880,960 ","$3,018,480 ","$5,448,356 ",,,"$5,624,760 "
290,DaQuan Jeffries,CHO,"$2,743,776 ","$3,080,918 ",,,,,
291,Nick Smith Jr.,CHO,"$2,710,680 ","$4,890,067 ",,,,,"$2,710,680 "
292,Brice Sensabaugh,UTA,"$2,693,760 ","$4,862,237 ",,,,,"$2,693,760 "
293,Julian Strawther,DEN,"$2,674,200 ","$4,826,931 ",,,,,"$2,674,200 "
294,Terrence Shannon Jr.,MIN,"$2,674,080 ","$2,801,640 ","$5,054,159 ",,,,"$2,674,080 "
295,James Wiseman,IND,"$2,667,947 ",,,,,,"$1,000,000 "
296,Ryan Dunn,PHO,"$2,657,760 ","$2,784,240 ","$5,025,553 ",,,,"$2,657,760 "
297,Kobe Brown,LAC,"$2,654,880 ","$4,792,059 ",,,,,"$2,654,880 "
298,Isaiah Collier,UTA,"$2,638,200 ","$2,763,960 ","$4,988,948 ",,,,"$2,638,200 "
299,Baylor Scheierman,BOS,"$2,619,000 ","$2,744,040 ","$4,952,993 ",,,,"$7,697,033 "
300,Xavier Tillman Sr.,BOS,"$2,546,675 ",,,,,,"$2,546,675 "
301,Terence Davis,SAC,"$2,546,675 ",,,,,,
302,Chuma Okeke,CLE,"$2,546,675 ",,,,,,
303,Charles Bassey,SAS,"$2,500,000 ",,,,,,
304,Justin Champagnie,WAS,"$2,349,578 ","$2,667,944 ","$3,005,085 ",,,,"$5,017,522 "
305,Jordan Goodwin,PHO,"$2,349,578 ",,,,,,"$2,349,578 "
306,Jay Huff,IND,"$2,349,578 ","$2,667,944 ","$3,005,085 ",,,,"$2,349,578 "
307,Keon Johnson,BRK,"$2,349,578 ",,,,,,"$2,349,578 "
308,Brandon Boston Jr.,NOP,"$2,349,578 ",,,,,,
309,Neemias Queta,BOS,"$2,349,578 ","$2,667,944 ",,,,,
310,Vit Krejci,ATL,"$2,349,578 ","$2,667,944 ","$3,005,085 ",,,,
311,Keon Ellis,SAC,"$2,301,587 ",,,,,,"$2,301,587 "
312,Vince Williams Jr.,MEM,"$2,301,587 ","$2,489,752 ",,,,,"$2,301,587 "
313,A.J. Green,MIL,"$2,301,587 ",,,,,,
314,Scotty Pippen Jr.,MEM,"$2,270,735 ","$2,461,462 ","$2,789,215 ",,,,"$2,270,735 "
315,JD Davison,BOS,"$2,270,735 ",,,,,,"$2,270,735 "
316,A.J. Lawson,TOR,"$2,270,735 ",,,,,,
317,Brandon Williams,DAL,"$2,270,735 ",,,,,,
318,Moussa Diabat√©,CHO,"$2,270,735 ","$2,461,462 ",,,,,
319,Rayan Rupert,POR,"$2,221,677 ",,,,,,"$2,221,677 "
320,Ricky Council IV,PHI,"$2,221,677 ",,,,,,"$2,221,677 "
321,GG Jackson II,MEM,"$2,221,677 ","$2,406,205 ",,,,,"$2,221,677 "
322,Gui Santos,GSW,"$2,221,677 ",,,,,,"$2,221,677 "
323,Jalen Pickett,DEN,"$2,221,677 ","$2,406,205 ",,,,,"$2,221,677 "
324,Hunter Tyson,DEN,"$2,221,677 ","$2,406,205 ",,,,,"$2,221,677 "
325,Julian Phillips,CHI,"$2,221,677 ","$2,406,205 ",,,,,"$2,221,677 "
326,Jalen Wilson,BRK,"$2,221,677 ",,,,,,"$2,221,677 "
327,Jordan Walsh,BOS,"$2,221,677 ","$2,406,205 ",,,,,"$200,000 "
328,Duop Reath,POR,"$2,221,677 ",,,,,,
329,Toumani Camara,POR,"$2,221,677 ","$2,406,205 ",,,,,
330,Leonard Miller,MIN,"$2,221,677 ","$2,406,205 ",,,,,
331,Andre Jackson Jr.,MIL,"$2,221,677 ","$2,406,205 ",,,,,
332,Trayce Jackson-Davis,GSW,"$2,221,677 ","$2,406,205 ",,,,,
333,Craig Porter Jr.,CLE,"$2,221,677 ","$2,406,205 ",,,,,
334,Mouhamed Gueye,ATL,"$2,221,677 ","$2,406,205 ",,,,,
335,JaVale McGee,DAL,"$2,208,856 ","$2,208,856 ","$2,208,856 ",,,,"$6,626,568 "
336,Tyler Kolek,NYK,"$2,191,897 ","$2,296,271 ","$2,486,995 ",,,,"$4,488,168 "
337,Jaylen Clark,MIN,"$2,191,897 ",,,,,,"$2,191,897 "
338,Tyrese Martin,BRK,"$2,191,897 ",,,,,,"$2,191,897 "
339,Caleb Houstan,ORL,"$2,187,699 ",,,,,,
340,Tyler Smith,MIL,"$1,955,377 ","$2,296,271 ","$2,486,995 ",,,,"$4,251,648 "
341,Johnny Furphy,IND,"$1,955,377 ","$2,296,271 ","$2,486,995 ",,,,"$4,251,648 "
342,Jonathan Mogbo,TOR,"$1,955,377 ","$2,296,271 ",,,,,"$1,955,377 "
343,Jamal Shead,TOR,"$1,955,377 ","$2,296,271 ",,,,,"$1,955,377 "
344,Isaac Jones,SAC,"$1,955,377 ",,,,,,"$1,955,377 "
345,Oso Ighodaro,PHO,"$1,955,377 ","$2,296,271 ","$2,486,995 ",,,,"$1,955,377 "
346,Ariel Hukporti,NYK,"$1,955,377 ",,,,,,"$1,955,377 "
347,Karlo Matkoviƒá,NOP,"$1,955,377 ","$2,296,271 ",,,,,"$1,955,377 "
348,Keshad Johnson,MIA,"$1,955,377 ",,,,,,"$1,955,377 "
349,Jaylen Wells,MEM,"$1,955,377 ","$2,296,271 ","$2,486,995 ",,,,"$1,955,377 "
350,Bronny James,LAL,"$1,955,377 ","$2,296,271 ","$2,486,995 ",,,,"$1,955,377 "
351,Cam Christie,LAC,"$1,955,377 ","$2,296,271 ","$2,486,995 ",,,,"$1,955,377 "
352,Quinten Post,GSW,"$1,955,377 ",,,,,,"$1,955,377 "
353,Bobi Klintman,DET,"$1,955,377 ","$2,296,271 ","$2,486,995 ",,,,"$1,955,377 "
354,Drew Timme,BRK,"$1,955,377 ",,,,,,"$1,955,377 "
355,Jamison Battle,TOR,"$1,955,377 ","$2,296,271 ",,,,,
356,Adem Bona,PHI,"$1,955,377 ","$2,296,271 ","$2,486,995 ",,,,
357,Pelle Larsson,MIA,"$1,955,377 ","$2,296,271 ",,,,,
358,E.J. Liddell,PHO,"$706,898 ","$706,898 ",,,,,"$1,413,796 "
359,Mamadi Diakite,MEM,"$464,050 ","$464,050 ",,,,,"$928,100 "
360,Ricky Rubio,CLE,"$424,672 ","$424,672 ",,,,,"$849,344 "
361,Didi Louzada,POR,"$268,032 ","$268,032 ","$268,032 ","$268,032 ",,,"$1,072,128 "
